{
	"credit": "Made with Blockbench",
	"texture_size": [360, 280],
	"textures": {
		"2": "item/custom_textures2/background"
	},
	"elements": [
		{
			"from": [0, 0, 8],
			"to": [16, 16, 8],
			"faces": {
				"north": {"uv": [0, 0, 16, 16], "rotation": 180, "texture": "#2"},
				"east": {"uv": [0, 0, 16, 16], "rotation": 180, "texture": "#missing"},
				"south": {"uv": [0, 0, 16, 16], "rotation": 180, "texture": "#2"},
				"west": {"uv": [0, 0, 16, 16], "rotation": 180, "texture": "#missing"},
				"up": {"uv": [0, 0, 16, 16], "rotation": 180, "texture": "#missing"},
				"down": {"uv": [0, 0, 16, 16], "rotation": 180, "texture": "#missing"}
			}
		}
	],
	"display": {
		"fixed": {
			"rotation": [-90, 0, 0]
		}
	}
}