{
	"credit": "Made with Blockbench",
	"parent": "5",
	"textures": {
		"2": "item/custom_textures2/money",
		"particle": "item/custom_textures2/money"
	},
	"elements": [
		{
			"from": [0, 0, 8],
			"to": [16, 16, 8],
			"faces": {
				"north": {"uv": [0, 0, 16, 16], "texture": "#2"},
				"east": {"uv": [0, 0, 0, 16], "texture": "#missing"},
				"south": {"uv": [0, 0, 16, 16], "texture": "#missing"},
				"west": {"uv": [0, 0, 0, 16], "texture": "#missing"},
				"up": {"uv": [0, 0, 16, 0], "texture": "#missing"},
				"down": {"uv": [0, 0, 16, 0], "texture": "#missing"}
			}
		}
	],
	"display": {
		"firstperson_lefthand": {
			"scale": [0, 0, 0]
		},
		"gui": {
			"translation": [72, -74, -80],
			"scale": [3.66, 3.66, 3.66]
		}
	}
}