{
	"parent": "minecraft:item/generated",
	"textures": {
		"layer0": "minecraft:item/rabbit_hide"
	},
  
	"overrides": [
		{"predicate": {"custom_model_data":5}, "model": "item/rabbit_hide/background"},
		{"predicate": {"custom_model_data":6}, "model": "item/rabbit_hide/currency"},
		{"predicate": {"custom_model_data":7}, "model": "item/rabbit_hide/case"},
		{"predicate": {"custom_model_data":8}, "model": "item/rabbit_hide/case_hover"},
		{"predicate": {"custom_model_data":9}, "model": "item/rabbit_hide/back"}
    ]
}